INSERT INTO `user` (`id`, `email`, `password`, `role`)
VALUES (1, 'admin@admin.com', '$2a$10$xVk1ygB72.UPQ5.j5ECxqesDvfGUxMLqH03r9cQ/eVJ9I9MR9TFQ.', 'ADMIN'), #pass: admin
       (2, 'example1@example.com', '$2a$10$RMYOEWmASW/5K9hkjkLfA.SEXX1q531X694M40RuyDp9WOs6Y0fl.', 'USER'), #pass: 1234
       (3, 'example2@example.com', '$2a$10$rRHZM0tbOsFE8kZw1E0iBOjdd3YAiz3ioWpIyBElet.VnzsIQIPGu', 'USER'), #pass: 1235
       (4, 'example3@example.com', '$2a$10$ydrRFP49JUUCfIL7e1fhFOXxqpJJuH7FD7AY31XqfEENZW1BtlSEa', 'USER'); #pass: 1236
ALTER TABLE `user` AUTO_INCREMENT = 5;

INSERT INTO `category` (`id`, `name`, `image_url`)
VALUES (1, 'Новинки', '/static/img/category/category1.png'),
       (2, 'Хиты', '/static/img/category/category2.png'),
       (3, 'Выгодно сегодня', '/static/img/category/category3.png'),
       (4, 'Суши-сеты', '/static/img/category/category4.png'),
       (5, 'Суши и роллы', '/static/img/category/category5.png'),
       (6, 'Лапша WOK', '/static/img/category/category6.png'),
       (7, 'Сеты из горячего', '/static/img/category/category7.png'),
       (8, 'Супы', '/static/img/category/category8.png'),
       (9, 'Рамэны', '/static/img/category/category9.png'),
       (10, 'Рис', '/static/img/category/category10.png'),
       (11, 'Поке и Салаты', '/static/img/category/category11.png'),
       (12, 'Донбури', '/static/img/category/category12.png'),
       (13, 'Обеденное меню', '/static/img/category/category13.png'),
       (14, 'Вегетерианское меню', '/static/img/category/category14.png'),
       (15, 'Детское меню', '/static/img/category/category15.png'),
       (16, 'Десерты', '/static/img/category/category16.png'),
       (17, 'Напитки', '/static/img/category/category17.png'),
       (18, 'Гарниры и соусы', '/static/img/category/category18.png');
ALTER TABLE `category` AUTO_INCREMENT = 19;

INSERT INTO `product` (`id`, `grouping_key`, `category_id`, `name`, `image_url`, `size`, `price`, `weight`)
VALUES (1, '1', 1, 'LOVE IS 💓', '/static/img/product/product_1_1.png', NULL, 52.90, 1050),
       (2, '2', 1, 'TOKINY HUB 💘', '/static/img/product/product_1_2.png', NULL, 54.90, 860),
       (3, '3', 1, 'YAMI', '/static/img/product/product_1_3.png', NULL, 36.90, 910),
       (4, '4', 1, 'НЕМО', '/static/img/product/product_1_4.png', NULL, 39.90, 970),
       (5, '5', 1, 'ШРИМП ФРАЙ СЕТ', '/static/img/product/product_1_5.png', NULL, 34.90, 660),
       (6, '6', 2, 'УЖАСНО ВКУСНО', '/static/img/product/product_2_1.png', NULL, 59.90, 1230),
       (7, '7', 2, 'Сет NEW ФРАЙ', '/static/img/product/product_2_2.png', NULL, 42.90, 1110),
       (8, '8', 2, 'Филадельфия', '/static/img/product/product_2_3.png', '4 шт.', 9.90, 110),
       (9, '8', 2, 'Филадельфия', '/static/img/product/product_2_3.png', '8 шт.', 17.90, 240),
       (10, '9', 2, 'Том Ям с креветками 🌶', '/static/img/product/product_2_4.png', NULL, 17.90, 420),
       (11, '10', 2, 'Куранчи фрай', '/static/img/product/product_2_5.png', '10 шт.', 14.90, 264),
       (12, '11', 3, 'Сет TokiNY', '/static/img/product/product_3_1.png', NULL, 31.90, 1300),
       (13, '12', 3, 'RABBIT 🐇 SET', '/static/img/product/product_3_2.png', NULL, 49.90, 1145),
       (14, '13', 3, 'HAPPY NEW SET 2023 ☃️', '/static/img/product/product_3_3.png', NULL, 111.90, 2450),
       (15, '14', 3, 'УЖАСНО ВКУСНО', '/static/img/product/product_3_4.png', NULL, 59.90, 1230),
       (16, '15', 3, 'КАК Я ВСТРЕТИЛ ВАШУ МАМУ', '/static/img/product/product_3_5.png', NULL, 54.90, 1155),
       (17, '16', 3, 'Донбури с сыром Тофу', '/static/img/product/product_3_6.png', NULL, 10.90, 340),
       (18, '17', 4, 'ХАЛЯВА 34,90 NEW', '/static/img/product/product_4_1.png', NULL, 34.90, 853),
       (19, '18', 4, 'СЭНСЭЙ', '/static/img/product/product_4_2.jpg', NULL, 33.92, 960),
       (20, '19', 5, 'Балтимор 🌶', '/static/img/product/product_5_1.png', '4 шт.', 5.90, 90),
       (21, '19', 5, 'Балтимор 🌶', '/static/img/product/product_5_1.png', '8 шт.', 10.90, 205),
       (22, '20', 5, 'Висконсин 🌶', '/static/img/product/product_5_2.png', '4 шт.', 5.90, 105),
       (23, '20', 5, 'Висконсин 🌶', '/static/img/product/product_5_2.png', '8 шт.', 10.90, 210),
       (24, '21', 5, 'Колорадо', '/static/img/product/product_5_3.png', '4 шт.', 6.90, 85),
       (25, '21', 5, 'Колорадо', '/static/img/product/product_5_3.png', '8 шт.', 12.90, 190),
       (26, '22', 5, 'Сент-Клэр 🌶', '/static/img/product/product_5_4.png', '4 шт.', 8.90, 120),
       (27, '22', 5, 'Сент-Клэр 🌶', '/static/img/product/product_5_4.png', '8 шт.', 16.90, 270),
       (28, '23', 5, 'Смоки-Хилл', '/static/img/product/product_5_5.png', '4 шт.', 8.90, 110),
       (29, '23', 5, 'Смоки-Хилл', '/static/img/product/product_5_5.png', '8 шт.', 15.90, 240),
       (30, '24', 5, 'Джорджия 🌶', '/static/img/product/product_5_6.png', '4 шт.', 8.90, 120),
       (31, '24', 5, 'Джорджия 🌶', '/static/img/product/product_5_6.png', '8 шт.', 16.90, 260),
       (32, '25', 5, 'Детройт', '/static/img/product/product_5_7.png', '4 шт.', 5.90, 121),
       (33, '25', 5, 'Детройт', '/static/img/product/product_5_7.png', '8 шт.', 9.90, 263),
       (34, '26', 5, 'Спрингфилд', '/static/img/product/product_5_8.png', '4 шт.', 9.90, 125),
       (35, '26', 5, 'Спрингфилд', '/static/img/product/product_5_8.png', '8 шт.', 17.90, 270),
       (36, '27', 5, 'Фиджи 🌶', '/static/img/product/product_5_9.png', '4 шт.', 8.90, 110),
       (37, '27', 5, 'Фиджи 🌶', '/static/img/product/product_5_9.png', '8 шт.', 15.90, 240),
       (38, '28', 5, 'Остин', '/static/img/product/product_5_10.png', '4 шт.', 5.90, 117),
       (39, '28', 5, 'Остин', '/static/img/product/product_5_10.png', '8 шт.', 9.90, 255),
       (40, '29', 5, 'Монтана 🌶', '/static/img/product/product_5_11.png', '4 шт.', 11.90, 117),
       (41, '29', 5, 'Монтана 🌶', '/static/img/product/product_5_11.png', '8 шт.', 22.90, 255),
       (42, '30', 5, 'Арканзас', '/static/img/product/product_5_12.png', '4 шт.', 10.90, 120),
       (43, '30', 5, 'Арканзас', '/static/img/product/product_5_12.png', '8 шт.', 19.90, 260),
       (44, '31', 6, 'Фунчоза с цыпленком-гриль 🌶', '/static/img/product/product_6_1.png', 'M', 12.90, 280),
       (45, '31', 6, 'Фунчоза с цыпленком-гриль 🌶', '/static/img/product/product_6_1.png', 'L', 16.90, 420),
       (46, '32', 6, 'Фунчоза с тигровыми креветками', '/static/img/product/product_6_2.png', 'M', 17.90, 280),
       (47, '32', 6, 'Фунчоза с тигровыми креветками', '/static/img/product/product_6_2.png', 'L', 22.90, 420),
       (48, '33', 7, 'БРЮС ВСЕМОГУЩИЙ', '/static/img/product/product_7_1.png', NULL, 59.90, 1500),
       (49, '34', 7, 'ГАСТРОСЕТ', '/static/img/product/product_7_2.png', NULL, 50.90, 1445),
       (50, '35', 8, 'Том Ям с креветками 🌶', '/static/img/product/product_8_1.png', NULL, 17.90, 420),
       (51, '36', 8, 'Мисо суп 🥦', '/static/img/product/product_8_2.png', NULL, 7.90, 350),
       (52, '37', 9, 'Томатный рамэн чикен-чили 🌶', '/static/img/product/product_9_1.png', NULL, 13.90, 580),
       (53, '38', 9, 'Рамэн Кимчи с ростбифом 🌶', '/static/img/product/product_9_2.png', NULL, 19.90,  570),
       (54, '39', 10, 'Тяхан с цыпленком-гриль', '/static/img/product/product_10_1.png', NULL, 12.90, 360),
       (55, '40', 11, 'Поке Боул с цыпленком Терияки', '/static/img/product/product_11_1.png', NULL, 12.90, 250),
       (56, '41', 11, 'Поке Боул с креветкой 🌶', '/static/img/product/product_11_2.png', NULL, 24.90, 300),
       (57, '42', 12, 'Донбури с тунцом', '/static/img/product/product_12_1.png', NULL, 25.90, 315),
       (58, '43', 13, 'ОБЕД с цыпленком', '/static/img/product/product_13_1.png', NULL, 17.90, 600),
       (59, '44', 13, 'ЛАНЧ с говядиной', '/static/img/product/product_13_2.png', NULL, 20.90, 600),
       (60, '45', 14, 'ОБЕД вегетарианский 🥦', '/static/img/product/product_14_1.png', NULL, 17.90, 600),
       (61, '46', 15, 'Детский комплекс с лапшой', '/static/img/product/product_15_1.png', NULL, 13.90, 430),
       (62, '47', 16, 'Десерт Манго-маракуйя', '/static/img/product/product_16_1.png', NULL, 4.55, 90),
       (63, '48', 17, 'Морс с тимьяном', '/static/img/product/product_17_1.png', NULL, 4.50, 500),
       (64, '49', 17, 'Напиток имбирно-лимонный', '/static/img/product/product_17_2.png', NULL, 4.50, 500),
       (65, '50', 18, 'Соевый соус', '/static/img/product/product_18_1.png', NULL, 1.50, 50);
ALTER TABLE `category` AUTO_INCREMENT = 66;

INSERT INTO `address` (`id`, `city`, `street`, `building`, `housing`, `flat`, `entrance`, `code`, `floor`)
VALUES (1, 'Минск', 'проспект Независимости', '43', NULL, NULL, NULL, NULL, NULL);
ALTER TABLE `address` AUTO_INCREMENT = 2;

INSERT INTO `order` (`id`, `payment_method`, `delivery_timestamp`, `name`, `email`, `phone_number`, `comment`, `total_price`, `delivery_address_id`, `created_by`, `created_at`)
VALUES (1, 'card', '2022-12-04 18:34:28', 'Jordain Banfield', null, '+375296188515', null, 33.55, 1, null, '2023-03-26 09:25:08'),
       (2, 'cash', '2022-11-27 05:03:05', 'Gladys Quilter', null, '+375292130192', null, 90.42, 1, null, '2023-04-26 09:31:54'),
       (3, 'card', '2023-02-26 01:29:36', 'Vita Points', null, '+375297132052', null, 68.82, 1, null, '2022-10-29 02:07:03'),
       (4, 'cash', '2023-01-26 01:16:23', 'El Del Monte', null, '+375296549053', null, 21.68, 1, null, '2023-01-17 08:11:55'),
       (5, 'card', '2022-12-16 05:02:53', 'Gian Pickworth', null, '+375295260878', null, 52.5, 1, null, '2023-02-12 17:07:53'),
       (6, 'card', '2022-12-16 03:21:54', 'Blake Danieli', 'bdanieli5@chron.com', '+375291082011', 'Sed sagittis. Nam congue, risus semper porta volutpat, quam pede lobortis ligula, sit amet eleifend pede libero quis orci. Nullam molestie nibh in lectus.', 65.01, 1, null, '2023-02-19 17:49:19'),
       (7, 'cash', '2023-05-04 13:50:46', 'Royal Pennicard', null, '+375293860260', null, 19.39, 1, null, '2022-07-31 23:15:17'),
       (8, 'card', '2022-12-18 09:49:50', 'Fania Brame', null, '+375293888619', null, 28.77, 1, null, '2022-09-05 10:48:03'),
       (9, 'card', '2022-12-01 07:09:17', 'Ali Jurca', null, '+375295919108', null, 33.04, 1, null, '2023-04-08 09:44:47'),
       (10, 'cash', '2022-12-25 01:23:34', 'Erv Francillo', null, '+375292687055', null, 46.03, 1, null, '2022-09-11 17:35:07'),
       (11, 'card', '2023-04-21 17:58:45', 'Engracia Paramor', 'eparamora@columbia.edu', '+375298458707', null, 5.35, 1, null, '2022-05-08 18:00:41'),
       (12, 'card', '2022-11-02 17:28:30', 'Laurene Zima', null, '+375298576740', null, 41.6, 1, null, '2022-05-12 13:47:14'),
       (13, 'cash', '2023-04-14 00:53:34', 'Florian Chandler', 'fchandlerc@istockphoto.com', '+375292467419', null, 74.92, 1, null, '2022-05-17 13:21:24'),
       (14, 'cash', '2023-01-16 12:59:07', 'Ruthe Millthorpe', 'rmillthorped@constantcontact.com', '+375292258043', null, 57.96, 1, null, '2022-11-24 20:49:20'),
       (15, 'cash', '2023-02-09 00:40:29', 'Karoline Griswood', null, '+375294920027', null, 48.36, 1, null, '2022-05-29 09:26:26'),
       (16, 'cash', '2022-12-27 01:51:02', 'Lida Shaxby', 'lshaxbyf@eepurl.com', '+375291349984', null, 86.09, 1, null, '2022-05-11 10:32:34'),
       (17, 'cash', '2022-12-13 12:27:10', 'Mela Gealle', null, '+375296222298', null, 41.11, 1, null, '2022-12-10 10:56:46'),
       (18, 'card', '2023-02-19 22:41:17', 'Sabine Kirkwood', 'skirkwoodh@nasa.gov', '+375293684027', null, 62.18, 1, null, '2022-08-05 05:51:05'),
       (19, 'card', '2022-12-22 23:58:13', 'Noll Beyer', null, '+375297375991', null, 6.83, 1, null, '2022-08-05 15:47:01'),
       (20, 'card', '2023-02-20 21:47:11', 'Gayel Lulham', 'glulhamj@walmart.com', '+375291501806', 'Lorem ipsum dolor sit amet, consectetuer adipiscing elit. Proin risus. Praesent lectus.', 26.02, 1, null, '2022-12-20 22:28:09'),
       (21, 'cash', '2023-02-01 13:05:49', 'Reyna Tovey', null, '+375297157163', null, 65.76, 1, null, '2022-07-13 10:19:55'),
       (22, 'card', '2023-04-26 12:25:55', 'Jareb Louden', 'jloudenl@comcast.net', '+375298315213', null, 24.81, 1, null, '2023-01-30 09:53:24'),
       (23, 'cash', '2023-03-05 19:02:58', 'Wilhelm Dur', null, '+375291618944', null, 44.5, 1, null, '2022-10-25 13:23:09'),
       (24, 'card', '2023-05-02 04:14:14', 'Madelyn Edwardes', null, '+375299218366', null, 45.29, 1, null, '2023-02-08 19:01:51'),
       (25, 'card', '2023-04-04 07:47:05', 'Waly Absolon', null, '+375292409451', null, 80.25, 1, null, '2022-05-24 10:23:20'),
       (26, 'card', '2023-01-03 15:28:11', 'Warden Gheorghe', null, '+375291772917', null, 94.54, 1, null, '2022-12-06 19:14:24'),
       (27, 'cash', '2023-03-20 15:30:17', 'Mozes Harnor', 'mharnorq@people.com.cn', '+375294746390', null, 33.71, 1, null, '2022-12-09 04:19:00'),
       (28, 'card', '2023-04-13 14:36:50', 'Mira Jellman', null, '+375297906385', null, 54.85, 1, null, '2023-01-01 20:00:29'),
       (29, 'cash', '2023-04-19 07:27:11', 'Renie Barlas', null, '+375298251616', null, 10.08, 1, null, '2022-12-24 08:12:54'),
       (30, 'card', '2023-01-25 13:01:20', 'Carrol Mattek', 'cmattekt@tiny.cc', '+375291088177', null, 8.93, 1, null, '2022-12-18 12:04:11'),
       (31, 'card', '2022-12-28 21:20:15', 'Corinna Padberry', 'cpadberryu@stumbleupon.com', '+375299958449', null, 42.05, 1, null, '2023-01-27 23:29:29'),
       (32, 'cash', '2022-11-03 05:14:34', 'Gabbie Hammerman', 'ghammermanv@hc360.com', '+375294820730', null, 62.37, 1, null, '2022-06-18 05:59:52'),
       (33, 'cash', '2023-02-14 08:48:00', 'Magda Peacocke', null, '+375293681396', null, 13.35, 1, null, '2023-04-21 13:25:47'),
       (34, 'card', '2023-02-18 05:30:05', 'Wendall Vellacott', null, '+375293659140', null, 92.77, 1, null, '2023-03-29 22:44:52'),
       (35, 'card', '2023-04-25 00:33:57', 'Arlee Louiset', null, '+375298218795', null, 67.98, 1, null, '2022-10-14 07:03:31'),
       (36, 'cash', '2022-11-03 05:06:06', 'Andrea Attock', 'aattockz@buzzfeed.com', '+375294920293', null, 9.16, 1, null, '2022-11-26 09:51:43'),
       (37, 'cash', '2023-02-11 14:51:29', 'Lorena Rosbrough', null, '+375294593992', null, 63.29, 1, null, '2022-10-03 19:05:13'),
       (38, 'card', '2022-12-22 07:22:20', 'Gauthier Tulk', null, '+375291788321', null, 91.14, 1, null, '2022-05-12 03:48:27'),
       (39, 'card', '2023-04-19 21:00:50', 'Glynn Rove', null, '+375294502470', null, 39.51, 1, null, '2022-11-09 22:06:13'),
       (40, 'cash', '2022-12-20 18:47:53', 'Kareem Frail', null, '+375292967790', null, 39.83, 1, null, '2022-12-20 22:30:35'),
       (41, 'card', '2023-01-01 12:16:00', 'Jordana Hallihane', null, '+375292056082', null, 66.98, 1, null, '2023-03-30 13:12:03'),
       (42, 'cash', '2023-01-21 16:48:32', 'Granville O''Cahey', 'gocahey15@wired.com', '+375293155823', null, 93.24, 1, null, '2022-09-01 23:49:07'),
       (43, 'card', '2022-12-19 05:14:05', 'Charin Shead', null, '+375293310448', null, 21.07, 1, null, '2023-03-17 04:04:22'),
       (44, 'card', '2022-12-08 15:36:55', 'Sauncho Notley', null, '+375299299299', null, 37.75, 1, null, '2022-07-10 15:52:23'),
       (45, 'cash', '2023-02-10 00:55:31', 'Fay Bridges', null, '+375297322829', null, 8.45, 1, null, '2023-03-13 19:07:36'),
       (46, 'cash', '2022-12-26 08:02:53', 'Lotty Pagnin', null, '+375295595840', null, 56.87, 1, null, '2023-04-27 12:46:18'),
       (47, 'card', '2022-12-05 14:54:59', 'Meta Rawlison', null, '+375297910249', null, 5.77, 1, null, '2022-11-11 04:24:42'),
       (48, 'cash', '2022-12-29 12:40:05', 'Darnell Gronow', 'dgronow1b@rambler.ru', '+375292321275', null, 70.71, 1, null, '2023-01-23 04:14:35'),
       (49, 'cash', '2023-04-07 09:47:52', 'Lou Eggerton', 'leggerton1c@va.gov', '+375298798316', null, 51.73, 1, null, '2022-09-20 09:07:00'),
       (50, 'cash', '2023-04-27 14:13:56', 'Diann Quant', 'dquant1d@360.cn', '+375297212428', null, 37.53, 1, null, '2023-02-06 06:33:56'),
       (51, 'cash', '2023-04-15 09:23:07', 'Cornie Garett', null, '+375299641860', null, 56.38, 1, null, '2022-06-27 16:39:26'),
       (52, 'cash', '2023-04-03 14:46:39', 'Gigi Pinckney', 'gpinckney1f@bbb.org', '+375295317166', null, 93.09, 1, null, '2022-05-10 23:05:28'),
       (53, 'card', '2023-01-04 00:14:40', 'Heidie Gratrex', 'hgratrex1g@over-blog.com', '+375299296692', null, 56.79, 1, null, '2022-06-17 08:37:33'),
       (54, 'cash', '2023-02-09 09:32:41', 'Lars McGuinley', null, '+375298937823', null, 9.64, 1, null, '2022-11-16 18:27:46'),
       (55, 'card', '2022-12-18 15:42:27', 'Lizette Sante', null, '+375299581006', null, 29.87, 1, null, '2022-05-13 21:52:43'),
       (56, 'card', '2023-04-18 09:32:17', 'Christian Jollie', null, '+375295429822', null, 42.93, 1, null, '2023-03-15 11:16:32'),
       (57, 'cash', '2023-02-23 00:31:31', 'Francisca Lampe', null, '+375296601347', null, 78.49, 1, null, '2022-09-23 13:14:22'),
       (58, 'card', '2023-03-07 20:59:55', 'Carlita Gianettini', null, '+375299596042', null, 16.55, 1, null, '2023-02-21 00:03:27'),
       (59, 'cash', '2023-04-29 23:47:14', 'Sheila Bursnell', null, '+375298337061', null, 49.67, 1, null, '2022-07-06 05:37:51'),
       (60, 'cash', '2023-01-30 04:18:48', 'Mace Gudgion', 'mgudgion1n@free.fr', '+375297194840', null, 46.52, 1, null, '2022-08-21 12:28:24'),
       (61, 'card', '2022-12-15 01:00:02', 'Rogerio Riccelli', null, '+375298990292', null, 35.33, 1, null, '2022-08-01 00:13:46'),
       (62, 'card', '2023-03-03 08:12:00', 'Angelina Wisden', null, '+375295321451', null, 51.1, 1, null, '2023-03-08 05:49:56'),
       (63, 'cash', '2023-01-03 14:12:22', 'Marlyn Rudsdell', 'mrudsdell1q@archive.org', '+375291343261', null, 7.91, 1, null, '2022-11-10 08:36:44'),
       (64, 'card', '2023-01-14 11:17:30', 'Rosemonde Seary', null, '+375291858178', null, 44.41, 1, null, '2023-03-18 23:08:09'),
       (65, 'cash', '2022-11-07 07:44:29', 'Binny Matityahu', null, '+375295662475', null, 97.58, 1, null, '2022-10-24 22:40:41'),
       (66, 'cash', '2023-01-15 00:54:27', 'Minny Jolliman', 'mjolliman1t@purevolume.com', '+375292392854', null, 85.3, 1, null, '2023-01-23 07:44:48'),
       (67, 'card', '2022-12-10 15:01:32', 'Adel Giabuzzi', null, '+375294936878', null, 53.92, 1, null, '2022-12-20 15:02:19'),
       (68, 'cash', '2023-04-16 13:40:27', 'Jay Panchin', 'jpanchin1v@myspace.com', '+375292659384', null, 61.6, 1, null, '2023-04-22 20:04:30'),
       (69, 'cash', '2022-11-08 02:31:26', 'Richart Bason', null, '+375296220249', null, 61.94, 1, null, '2023-02-17 15:12:40'),
       (70, 'cash', '2023-03-27 01:48:41', 'Felicity Ramsey', null, '+375294610372', null, 21.67, 1, null, '2023-02-16 09:05:53'),
       (71, 'cash', '2022-11-30 17:31:27', 'Tremaine Stothard', null, '+375296736546', null, 94.98, 1, null, '2023-03-31 03:29:22'),
       (72, 'card', '2023-04-06 18:50:19', 'Delphine Gensavage', 'dgensavage1z@webeden.co.uk', '+375296812989', null, 66.67, 1, null, '2022-06-19 13:05:19'),
       (73, 'card', '2022-11-17 12:05:08', 'Jennine Karppi', null, '+375295267172', null, 90.11, 1, null, '2022-12-27 12:58:26'),
       (74, 'card', '2023-03-06 00:53:50', 'Emmeline Elliston', 'eelliston21@blogtalkradio.com', '+375294391667', null, 86.8, 1, null, '2022-09-26 03:16:58'),
       (75, 'cash', '2022-12-27 23:06:35', 'Prince Jeannet', null, '+375298616725', null, 24.71, 1, null, '2023-03-16 01:53:43'),
       (76, 'cash', '2023-01-01 20:36:57', 'Elisabet Kloser', null, '+375296954828', null, 95.15, 1, null, '2022-11-27 07:07:47'),
       (77, 'card', '2022-12-21 19:04:44', 'Raven Drieu', 'rdrieu24@wufoo.com', '+375295886412', null, 89.67, 1, null, '2022-09-09 15:54:51'),
       (78, 'card', '2023-01-08 09:27:31', 'Marijo Couttes', null, '+375297752320', null, 41.81, 1, null, '2023-04-17 13:51:47'),
       (79, 'cash', '2023-03-12 20:21:40', 'Kennett Readett', null, '+375292035205', null, 12.54, 1, null, '2023-04-01 02:42:33'),
       (80, 'cash', '2023-05-05 18:43:12', 'Thorndike Frisch', null, '+375298406163', null, 57.79, 1, null, '2023-01-28 11:46:23'),
       (81, 'cash', '2022-12-19 10:52:13', 'Elsy Dilkes', null, '+375296413629', null, 8.82, 1, null, '2022-12-14 15:50:22'),
       (82, 'card', '2023-01-19 01:25:27', 'Hedy Malcolm', null, '+375297100776', null, 17.79, 1, null, '2022-07-11 02:08:57'),
       (83, 'card', '2023-03-22 12:20:01', 'Joya Dillinton', 'jdillinton2a@delicious.com', '+375294305343', null, 49.53, 1, null, '2022-11-06 11:01:22'),
       (84, 'card', '2022-12-05 05:39:34', 'Cary Meneghi', null, '+375296268584', null, 25.74, 1, null, '2022-11-27 20:24:24'),
       (85, 'card', '2023-01-25 12:16:23', 'Winifred Donegan', null, '+375299130318', null, 5.0, 1, null, '2022-11-20 22:30:19'),
       (86, 'cash', '2022-12-10 20:03:58', 'Haydon Pavinese', null, '+375291806777', null, 71.5, 1, null, '2022-09-02 23:51:46'),
       (87, 'cash', '2023-01-08 11:35:17', 'Clywd Sturton', 'csturton2e@oaic.gov.au', '+375297669607', null, 88.43, 1, null, '2022-06-13 15:54:51'),
       (88, 'card', '2023-02-19 15:33:51', 'Cicily Buterton', 'cbuterton2f@sciencedaily.com', '+375299847432', null, 50.38, 1, null, '2022-10-19 13:06:31'),
       (89, 'card', '2023-01-05 18:45:15', 'Meaghan Belmont', null, '+375292080864', null, 23.71, 1, null, '2023-03-06 00:40:55'),
       (90, 'cash', '2023-01-28 13:12:03', 'Cherye Chimes', null, '+375292407403', null, 53.37, 1, null, '2022-11-10 00:38:07'),
       (91, 'card', '2023-04-19 11:16:55', 'Yolane Strangman', 'ystrangman2i@ycombinator.com', '+375294255939', null, 66.0, 1, null, '2022-11-23 22:57:04'),
       (92, 'cash', '2023-05-02 13:20:38', 'Wendeline Attoe', null, '+375296350874', null, 72.2, 1, null, '2022-10-24 15:19:46'),
       (93, 'card', '2022-12-05 21:49:48', 'Celestina Clapison', 'cclapison2k@salon.com', '+375297204839', null, 17.16, 1, null, '2023-02-14 05:27:24'),
       (94, 'card', '2023-01-28 22:43:02', 'Flore Plumridge', null, '+375296484235', null, 37.32, 1, null, '2022-08-26 17:17:28'),
       (95, 'cash', '2023-03-20 22:57:27', 'Yves Shawell', null, '+375299250807', null, 96.0, 1, null, '2023-01-01 22:35:57'),
       (96, 'card', '2022-11-01 09:21:15', 'Ebba Starrs', 'estarrs2n@goodreads.com', '+375295081526', null, 94.17, 1, null, '2022-10-04 22:51:47'),
       (97, 'cash', '2023-03-14 09:38:24', 'Sadie Fillgate', null, '+375298681351', null, 28.22, 1, null, '2022-09-05 09:04:43'),
       (98, 'cash', '2022-12-20 23:08:39', 'Ronda Gionettitti', null, '+375292608667', null, 52.59, 1, null, '2023-04-01 14:47:01'),
       (99, 'card', '2022-11-11 22:19:32', 'Almira Wapol', null, '+375299537883', null, 30.5, 1, null, '2022-05-31 08:50:12'),
       (100, 'card', '2023-02-18 05:17:28', 'Karin Blaymires', null, '+375297505091', null, 8.31, 1, null, '2023-02-08 18:15:13');
ALTER TABLE `order` AUTO_INCREMENT = 101;

INSERT INTO `order_item` (`order_id`, `product_id`, `amount`)
VALUES (1, 49, 2),
       (2, 9, 2),
       (3, 13, 1),
       (4, 38, 1),
       (5, 62, 2),
       (6, 16, 2),
       (7, 20, 1),
       (8, 39, 3),
       (9, 8, 1),
       (10, 34, 1),
       (11, 19, 2),
       (12, 35, 3),
       (13, 35, 1),
       (14, 44, 1),
       (15, 31, 2),
       (16, 46, 3),
       (17, 58, 2),
       (18, 20, 2),
       (19, 24, 3),
       (20, 32, 3),
       (21, 25, 3),
       (22, 16, 2),
       (23, 37, 1),
       (24, 17, 1),
       (25, 39, 3),
       (26, 51, 2),
       (27, 12, 1),
       (28, 15, 2),
       (29, 53, 2),
       (30, 8, 1),
       (31, 7, 3),
       (32, 35, 2),
       (33, 49, 1),
       (34, 64, 2),
       (35, 64, 1),
       (36, 43, 2),
       (37, 36, 3),
       (38, 3, 2),
       (39, 55, 3),
       (40, 16, 1),
       (41, 47, 1),
       (42, 13, 2),
       (43, 29, 1),
       (44, 47, 2),
       (45, 39, 3),
       (46, 51, 2),
       (47, 35, 1),
       (48, 54, 3),
       (49, 47, 2),
       (50, 40, 3),
       (51, 59, 3),
       (52, 25, 2),
       (53, 10, 1),
       (54, 20, 1),
       (55, 30, 2),
       (56, 37, 1),
       (57, 62, 1),
       (58, 33, 2),
       (59, 40, 2),
       (60, 51, 2),
       (61, 46, 3),
       (62, 45, 1),
       (63, 18, 2),
       (64, 40, 1),
       (65, 15, 1),
       (66, 36, 2),
       (67, 10, 2),
       (68, 62, 1),
       (69, 65, 3),
       (70, 17, 1),
       (71, 10, 1),
       (72, 40, 3),
       (73, 39, 1),
       (74, 22, 3),
       (75, 1, 1),
       (76, 20, 2),
       (77, 3, 2),
       (78, 25, 3),
       (79, 56, 1),
       (80, 18, 3),
       (81, 51, 3),
       (82, 1, 3),
       (83, 33, 2),
       (84, 60, 3),
       (85, 7, 1),
       (86, 3, 3),
       (87, 30, 1),
       (88, 7, 2),
       (89, 37, 3),
       (90, 48, 2),
       (91, 59, 3),
       (92, 62, 3),
       (93, 48, 3),
       (94, 48, 2),
       (95, 49, 3),
       (96, 20, 1),
       (97, 3, 3),
       (98, 26, 1),
       (99, 22, 1),
       (100, 9, 3);
